time,open,high,low,close,tick_volume,spread,real_volume
2024-01-01,2064.593,2066.002,2062.633,2063.543,1988,377,0
2024-01-02,2063.608,2078.877,2056.099,2059.476,101377,199,0
2024-01-03,2059.578,2065.974,2030.537,2042.666,121015,199,0
2024-01-04,2042.927,2050.971,2036.178,2043.865,97274,199,0
2024-01-05,2044.187,2063.993,2024.389,2045.474,128655,199,0
2024-01-07,2044.635,2045.574,2042.912,2044.207,2605,200,0
2024-01-08,2044.212,2046.581,2016.652,2030.438,111552,199,0
2024-01-09,2030.409,2041.97,2026.015,2030.401,106811,199,0
2024-01-10,2030.403,2040.3,2020.353,2026.358,102690,199,0
2024-01-11,2026.413,2048.118,2013.209,2034.954,134778,199,0
2024-01-12,2035.012,2062.284,2030.026,2049.032,119608,199,0
2024-01-14,2048.13,2048.705,2046.294,2047.586,2671,199,0
2024-01-15,2047.652,2058.626,2045.752,2053.841,73448,199,0
2024-01-16,2053.867,2054.507,2024.185,2027.824,127488,199,0
2024-01-17,2028.1,2032.935,2001.761,2009.243,121646,199,0
2024-01-18,2009.261,2024.233,2005.717,2023.423,100578,199,0
2024-01-19,2023.793,2039.258,2020.307,2029.452,91592,199,0
2024-01-21,2028.529,2028.562,2026.843,2027.505,2801,199,0
2024-01-22,2027.49,2032.074,2016.399,2020.552,95486,199,0
2024-01-23,2020.71,2037.899,2019.559,2029.137,96170,199,0
2024-01-24,2029.002,2036.593,2011.138,2016.101,105299,199,0
2024-01-25,2016.247,2025.271,2009.361,2020.248,98939,199,0
2024-01-26,2020.356,2026.819,2015.867,2018.469,84350,199,0
2024-01-28,2023.424,2028.615,2021.186,2021.831,5027,199,0
2024-01-29,2021.832,2037.561,2019.282,2030.73,90077,199,0
2024-01-30,2030.962,2048.558,2029.029,2036.234,98658,199,0
2024-01-31,2036.4,2055.979,2030.808,2039.786,126350,199,0
2024-02-01,2039.734,2065.458,2029.913,2054.624,120537,199,0
2024-02-02,2054.631,2057.623,2027.741,2039.609,109074,199,0
2024-02-04,2041.781,2042.213,2039.061,2039.715,3233,199,0
2024-02-05,2039.299,2039.819,2014.818,2024.86,98435,199,0
2024-02-06,2024.809,2038.88,2022.802,2035.069,90032,199,0
2024-02-07,2035.25,2044.516,2030.519,2036.228,83980,199,0
2024-02-08,2036.224,2038.687,2020.124,2034.124,89742,199,0
2024-02-09,2034.147,2037.184,2020.233,2024.192,82433,199,0
2024-02-11,2026.346,2026.706,2024.401,2025.266,2167,199,0
2024-02-12,2025.416,2027.562,2011.846,2018.65,77601,199,0
2024-02-13,2018.803,2032.769,1989.965,1991.193,99012,199,0
2024-02-14,1991.332,1996.041,1984.121,1993.452,91557,199,0
2024-02-15,1993.711,2008.224,1990.171,2003.155,87940,199,0
2024-02-16,2003.364,2015.125,1995.071,2013.269,89618,199,0
2024-02-18,2012.706,2019.066,1997.784,2010.604,4242,200,0
2024-02-19,2012.793,2022.957,2009.184,2016.206,63438,199,0
2024-02-20,2016.151,2030.814,2014.956,2024.128,80367,199,0
2024-02-21,2024.048,2032.227,2020.008,2025.566,82590,199,0
2024-02-22,2025.516,2034.833,2019.547,2024.681,88978,199,0
2024-02-23,2024.765,2041.348,2015.981,2035.524,84919,199,0
2024-02-25,2033.24,2034.939,2033.178,2034.224,2092,200,0
2024-02-26,2033.996,2037.014,2024.999,2031.073,80085,199,0
2024-02-27,2031.203,2039.471,2028.687,2030.09,76605,199,0
2024-02-28,2030.103,2037.897,2024.467,2034.303,77570,199,0
2024-02-29,2034.648,2050.657,2028.061,2043.981,88735,199,0
2024-03-01,2044.228,2088.309,2039.039,2083.315,98796,199,0
2024-03-03,2082.522,2086.155,2082.522,2083.44,2897,199,0
2024-03-04,2083.593,2119.884,2079.418,2114.48,99752,199,0
2024-03-05,2114.34,2141.881,2110.401,2128.16,124605,199,0
2024-03-06,2127.982,2152.234,2123.607,2147.192,119550,199,0
2024-03-07,2146.851,2164.753,2144.185,2161.478,123570,199,0
2024-03-08,2161.845,2195.115,2153.945,2178.502,136802,199,0
2024-03-10,2179.559,2183.827,2177.113,2182.226,5669,199,0
2024-03-11,2181.59,2189.01,2174.633,2183.552,102882,199,0
2024-03-12,2183.551,2184.48,2150.482,2156.913,130786,199,0
2024-03-13,2156.907,2179.804,2156.535,2175.362,102059,199,0
2024-03-14,2175.448,2176.968,2152.696,2161.62,105746,199,0
2024-03-15,2161.697,2172.743,2155.094,2155.698,95362,199,0
2024-03-17,2153.279,2156.535,2153.079,2156.514,5009,199,0
2024-03-18,2156.472,2163.613,2146.066,2161.65,93250,199,0
2024-03-19,2162.053,2162.839,2147.147,2157.009,97012,199,0
2024-03-20,2157.052,2211.005,2149.562,2203.501,130288,199,0
2024-03-21,2203.97,2212.563,2166.279,2181.491,142016,199,0
2024-03-22,2181.676,2186.043,2157.007,2165.348,111972,199,0
2024-03-24,2166.313,2168.893,2165.07,2168.332,5575,199,0
2024-03-25,2168.311,2181.256,2163.412,2172.881,102928,199,0
2024-03-26,2172.885,2200.059,2167.545,2179.467,109384,199,0
2024-03-27,2179.463,2197.586,2173.105,2190.968,107823,199,0
2024-03-28,2190.723,2236.293,2187.319,2232.586,123716,199,0
2024-03-31,2239.784,2247.301,2235.569,2244.927,10520,299,0
2024-04-01,2245.957,2265.623,2228.457,2248.942,129144,199,0
2024-04-02,2248.968,2288.239,2246.636,2280.206,151371,199,0
2024-04-03,2279.886,2302.417,2265.366,2297.446,153640,199,0
2024-04-04,2297.497,2305.537,2279.817,2288.89,143579,199,0
2024-04-05,2288.701,2330.526,2267.75,2329.355,173527,199,0
2024-04-07,2327.315,2328.568,2304.018,2311.647,19548,199,0
2024-04-08,2311.297,2354.159,2302.862,2338.79,231607,199,0
2024-04-09,2338.782,2365.338,2337.777,2354.778,184571,199,0
2024-04-10,2354.794,2360.086,2319.238,2335.429,228477,199,0
2024-04-11,2335.489,2379.373,2325.593,2377.001,178916,199,0
2024-04-12,2376.787,2431.527,2333.783,2344.382,305653,199,0
2024-04-14,2369.105,2371.92,2346.783,2364.486,11669,199,0
2024-04-15,2364.665,2392.013,2324.114,2381.833,250818,199,0
2024-04-16,2381.896,2398.252,2362.964,2382.843,237650,199,0
2024-04-17,2382.703,2395.586,2354.546,2367.838,195264,199,0
2024-04-18,2367.837,2392.799,2364.047,2380.004,168178,199,0
2024-04-19,2379.867,2417.905,2372.761,2390.677,255814,199,0
2024-04-21,2384.011,2388.596,2381.878,2386.483,9802,199,0
2024-04-22,2386.506,2386.506,2324.497,2333.737,189225,199,0
2024-04-23,2333.712,2334.377,2291.321,2323.21,218601,199,0
2024-04-24,2323.227,2337.29,2311.699,2316.219,155217,199,0
2024-04-25,2316.223,2344.872,2304.834,2330.62,174262,199,0
2024-04-26,2330.617,2352.555,2326.212,2337.792,141833,199,0
2024-04-28,2333.884,2336.825,2332.476,2335.987,6411,199,0
2024-04-29,2335.937,2346.718,2319.735,2333.173,153548,199,0
2024-04-30,2333.178,2336.113,2284.967,2291.244,156529,199,0
2024-05-01,2291.256,2328.284,2281.557,2323.809,178286,199,0
2024-05-02,2323.848,2326.492,2285.423,2304.247,147870,199,0
2024-05-03,2304.243,2320.712,2277.089,2301.626,171466,199,0
2024-05-05,2302.321,2303.288,2293.26,2293.968,7222,199,0
2024-05-06,2293.929,2332.092,2291.769,2325.943,148918,199,0
2024-05-07,2325.95,2329.926,2309.895,2315.211,117152,199,0
2024-05-08,2315.254,2321.336,2303.584,2308.734,124600,199,0
2024-05-09,2308.774,2348.325,2306.479,2346.524,132405,199,0
2024-05-10,2346.557,2378.476,2345.924,2360.449,146820,199,0
2024-05-12,2361.401,2363.087,2359.716,2360.407,5306,199,0
2024-05-13,2360.447,2364.488,2332.065,2338.408,129058,199,0
2024-05-14,2338.39,2359.593,2334.734,2355.774,131752,199,0
2024-05-15,2355.77,2391.91,2351.746,2391.769,159067,199,0
2024-05-16,2391.764,2397.343,2370.885,2377.726,139670,199,0
2024-05-17,2377.722,2422.741,2373.934,2413.939,137776,199,0
2024-05-19,2425.202,2425.202,2416.739,2420.193,10238,199,0
2024-05-20,2420.204,2450.026,2407.278,2426.133,208308,199,0
2024-05-21,2426.135,2433.944,2406.058,2421.654,171793,199,0
2024-05-22,2421.659,2426.533,2374.942,2382.124,169938,199,0
2024-05-23,2382.156,2383.692,2326.865,2332.012,192027,199,0
2024-05-24,2332.015,2347.385,2325.351,2333.782,122424,199,0
2024-05-26,2335.785,2340.683,2332.184,2337.175,6778,199,0
2024-05-27,2337.188,2358.449,2334.36,2352.371,95297,199,0
2024-05-28,2352.411,2364.077,2340.234,2359.685,146063,199,0
2024-05-29,2359.648,2361.325,2334.498,2338.364,130924,199,0
2024-05-30,2338.378,2351.847,2322.549,2343.907,155640,199,0
2024-05-31,2343.921,2359.695,2320.525,2327.192,154263,199,0
2024-06-02,2328.496,2328.774,2323.334,2325.937,6637,199,0
2024-06-03,2325.967,2354.73,2314.692,2350.629,144184,199,0
2024-06-04,2350.641,2352.798,2315.515,2328.785,147630,199,0
2024-06-05,2328.791,2357.389,2325.857,2355.011,136573,199,0
2024-06-06,2355.01,2378.508,2353.361,2376.73,138096,199,0
2024-06-07,2376.735,2387.702,2286.723,2293.798,196989,199,0
2024-06-09,2290.431,2300.041,2290.377,2298.479,7155,199,0
2024-06-10,2298.529,2313.766,2287.7,2309.93,120067,199,0
2024-06-11,2309.925,2319.95,2297.647,2315.071,132270,199,0
2024-06-12,2315.056,2341.629,2310.705,2320.555,172829,199,0
2024-06-13,2320.57,2326.755,2295.463,2302.335,146225,199,0
2024-06-14,2302.379,2336.559,2301.503,2332.825,127499,199,0
2024-06-16,2331.087,2331.486,2327.412,2328.873,4385,199,0
2024-06-17,2328.918,2328.948,2309.971,2320.645,110369,199,0
2024-06-18,2320.634,2333.087,2306.533,2328.254,120186,199,0
2024-06-19,2328.274,2334.964,2323.68,2329.342,73391,199,0
2024-06-20,2329.361,2365.486,2327.74,2360.745,127673,199,0
2024-06-21,2360.764,2368.743,2316.675,2321.501,135717,199,0
2024-06-23,2321.11,2322.193,2317.688,2319.185,5114,199,0
2024-06-24,2319.175,2334.63,2317.852,2330.877,110170,199,0
2024-06-25,2330.871,2337.091,2315.436,2320.027,117241,199,0
2024-06-26,2319.979,2323.893,2293.559,2298.402,129795,199,0
2024-06-27,2298.412,2330.936,2296.429,2327.72,116402,199,0
2024-06-28,2327.665,2339.809,2319.01,2326.638,115838,199,0
2024-06-30,2322.849,2326.157,2322.84,2324.93,4742,199,0
2024-07-01,2324.952,2338.483,2318.438,2332.222,114722,199,0
2024-07-02,2332.216,2336.763,2319.004,2330.18,112068,199,0
2024-07-03,2330.177,2364.926,2326.782,2358.699,118675,199,0
2024-07-04,2358.721,2362.539,2350.342,2356.721,72103,199,0
2024-07-05,2356.753,2392.941,2344.509,2391.567,127626,199,0
2024-07-07,2389.583,2390.178,2384.766,2386.122,5374,199,0
2024-07-08,2386.067,2391.09,2350.975,2361.711,122095,199,0
2024-07-09,2361.74,2371.583,2349.344,2364.965,122166,199,0
2024-07-10,2364.944,2386.671,2363.302,2372.852,102071,199,0
2024-07-11,2372.834,2424.538,2371.403,2415.851,157281,199,0
2024-07-12,2415.855,2418.233,2391.365,2411.399,121940,199,0
2024-07-14,2411.336,2412.245,2405.666,2408.653,6529,179,0
2024-07-15,2408.657,2439.771,2401.306,2422.494,131879,162,0
2024-07-16,2422.483,2469.967,2419.914,2468.278,147807,179,0
2024-07-17,2468.268,2483.739,2451.407,2461.296,180196,179,0
2024-07-18,2461.334,2474.966,2440.226,2441.25,145173,179,0
2024-07-19,2441.292,2441.343,2393.756,2400.45,172524,179,0
2024-07-21,2403.682,2411.931,2402.487,2411.528,7283,179,0
2024-07-22,2411.496,2412.157,2383.797,2395.783,141407,179,0
2024-07-23,2395.75,2412.001,2388.225,2408.513,129714,179,0
2024-07-24,2408.558,2431.954,2393.033,2398.669,151551,179,0
2024-07-25,2398.72,2399.985,2353.086,2363.801,219867,179,0
2024-07-26,2363.849,2390.799,2355.842,2387.114,141464,179,0
2024-07-28,2387.944,2403.155,2387.857,2397.006,11178,179,0
2024-07-29,2397.045,2402.485,2369.523,2381.143,146813,179,0
2024-07-30,2381.186,2412.799,2376.471,2409.807,149672,179,0
2024-07-31,2409.81,2450.968,2403.876,2445.743,174565,179,0
2024-08-01,2445.725,2462.29,2430.192,2445.844,204247,179,0
2024-08-02,2445.886,2477.722,2410.794,2441.892,265357,179,0
2024-08-04,2441.007,2446.342,2437.915,2440.952,13304,179,0
2024-08-05,2440.984,2458.836,2364.267,2404.837,361730,179,0
2024-08-06,2404.865,2418.307,2381.404,2383.778,233486,179,0
2024-08-07,2383.724,2407.09,2378.941,2384.791,182273,179,0
2024-08-08,2384.835,2427.818,2383.263,2424.589,181531,179,0
2024-08-09,2424.519,2437.011,2416.829,2430.805,149105,179,0
2024-08-11,2428.36,2433.234,2427.247,2427.927,6497,179,0
2024-08-12,2427.928,2476.033,2423.825,2475.536,134674,169,0
2024-08-13,2475.58,2476.963,2458.493,2464.06,142377,169,0
2024-08-14,2464.104,2480.064,2437.995,2449.408,172130,169,0
2024-08-15,2449.396,2470.095,2432.094,2457.303,167233,169,0
2024-08-16,2457.31,2509.783,2450.714,2507.82,159227,169,0
2024-08-18,2506.304,2506.778,2502.271,2506.45,7371,179,0
2024-08-19,2506.439,2507.482,2485.615,2503.544,149287,179,0
2024-08-20,2503.554,2531.668,2497.256,2512.964,163273,179,0
2024-08-21,2512.976,2519.942,2493.672,2512.684,157480,179,0
2024-08-22,2512.732,2514.701,2470.801,2487.564,159973,179,0
2024-08-23,2487.574,2518.35,2486.435,2512.357,157934,179,0
2024-08-25,2512.067,2516.683,2511.076,2515.903,7427,159,0
2024-08-26,2515.89,2527.009,2508.646,2515.512,146727,159,0
2024-08-27,2515.477,2529.062,2503.462,2525.269,154919,159,0
2024-08-28,2525.223,2525.825,2493.498,2508.11,153993,159,0
2024-08-29,2508.08,2528.669,2503.558,2519.613,155138,159,0
2024-08-30,2519.6,2526.914,2494.086,2503.342,168501,159,0
2024-09-01,2502.485,2504.755,2501.942,2502.98,5463,159,0
2024-09-02,2502.983,2507.334,2489.977,2497.242,100381,159,0
2024-09-03,2497.247,2506.249,2473.282,2493.223,190292,159,0
2024-09-04,2493.2,2500.3,2471.868,2495.829,165886,159,0
2024-09-05,2495.827,2523.574,2493.759,2517.282,168807,159,0
2024-09-06,2517.277,2529.204,2485.007,2497.524,235305,159,0
2024-09-08,2497.038,2498.277,2495.492,2496.869,6143,159,0
2024-09-09,2496.871,2507.701,2485.503,2506.813,161033,159,0
2024-09-10,2506.815,2518.868,2500.052,2518.678,149004,159,0
2024-09-11,2518.638,2529.041,2500.844,2511.901,193623,159,0
2024-09-12,2511.824,2560.091,2510.973,2558.422,193142,159,0
2024-09-13,2558.419,2586.12,2556.78,2579.067,173162,159,0
2024-09-15,2578.456,2580.454,2577.543,2579.163,7288,159,0
2024-09-16,2579.17,2589.651,2575.285,2583.659,139509,159,0
2024-09-17,2583.654,2586.956,2560.661,2574.05,165080,159,0
2024-09-18,2574.019,2600.138,2546.828,2559.239,254193,159,0
2024-09-19,2559.239,2594.963,2550.894,2587.282,209262,159,0
2024-09-20,2587.253,2625.754,2584.714,2622.098,185554,159,0
2024-09-22,2620.944,2622.125,2619.652,2620.234,5583,160,0
2024-09-23,2620.202,2634.881,2613.799,2626.3,162082,159,0
2024-09-24,2626.295,2664.366,2622.524,2658.204,201574,159,0
2024-09-25,2658.163,2670.629,2649.566,2656.296,188431,159,0
2024-09-26,2656.359,2685.611,2654.717,2672.61,224104,159,0
2024-09-27,2672.667,2674.266,2642.994,2657.983,209693,159,0
2024-09-29,2661.714,2665.106,2659.762,2663.543,9854,159,0
2024-09-30,2663.58,2666.049,2624.679,2635.634,203108,159,0
2024-10-01,2635.659,2673.197,2633.911,2660.361,202472,159,0
2024-10-02,2660.39,2663.323,2641.038,2660.333,170972,159,0
2024-10-03,2660.299,2662.968,2637.964,2655.804,184485,159,0
2024-10-04,2655.8,2670.167,2632.03,2653.489,203799,159,0
2024-10-06,2651.575,2652.397,2649.672,2650.128,6844,159,0
2024-10-07,2650.107,2659.615,2637.728,2642.944,173992,159,0
2024-10-08,2642.962,2652.982,2604.686,2621.868,242102,159,0
2024-10-09,2621.868,2624.321,2605.116,2608.476,175285,159,0
2024-10-10,2608.438,2636.032,2602.164,2633.149,198204,159,0
2024-10-11,2633.161,2661.462,2631.952,2656.836,151703,159,0
2024-10-13,2650.086,2652.472,2646.866,2648.091,9836,159,0
2024-10-14,2648.131,2666.867,2643.075,2649.351,156174,159,0
2024-10-15,2649.419,2668.93,2637.975,2660.5,173968,159,0
2024-10-16,2660.498,2685.394,2658.722,2674.087,175680,159,0
2024-10-17,2674.122,2696.788,2673.143,2693.71,191695,159,0
2024-10-18,2693.67,2722.633,2692.764,2721.778,182390,159,0
2024-10-20,2723.092,2725.129,2720.186,2723.416,7424,159,0
2024-10-21,2723.457,2740.515,2714.181,2721.483,211245,159,0
2024-10-22,2721.478,2748.908,2720.633,2746.553,170363,159,0
2024-10-23,2746.557,2758.508,2708.63,2721.258,211261,159,0
2024-10-24,2721.219,2743.208,2717.752,2733.844,178047,159,0
2024-10-25,2733.885,2747.774,2716.956,2747.023,158890,159,0
2024-10-27,2733.443,2740.176,2730.34,2735.815,12776,159,0
2024-10-28,2735.783,2745.917,2724.631,2744.427,158784,159,0
2024-10-29,2744.379,2775.383,2743.203,2774.915,180567,159,0
2024-10-30,2774.943,2790.075,2770.804,2785.49,176119,159,0
2024-10-31,2785.489,2790.084,2731.515,2746.691,197598,159,0
2024-11-01,2746.672,2762.261,2733.113,2736.69,186424,159,0
2024-11-03,2732.846,2740.334,2732.568,2738.352,5441,159,0
2024-11-04,2738.379,2748.215,2731.742,2736.001,162008,159,0
2024-11-05,2736.046,2749.917,2724.695,2745.707,157444,159,0
2024-11-06,2745.684,2749.681,2652.335,2664.048,373110,159,0
2024-11-07,2664.035,2710.317,2643.217,2706.866,239571,159,0
2024-11-08,2706.87,2710.418,2680.286,2684.758,201048,159,0
2024-11-10,2683.161,2685.65,2681.526,2685.605,3709,159,0
2024-11-11,2685.638,2686.141,2610.53,2624.038,210697,159,0
2024-11-12,2624.026,2627.162,2589.596,2598.956,233932,159,0
2024-11-13,2599.011,2618.841,2569.214,2570.989,226862,159,0
2024-11-14,2571.012,2577.447,2536.755,2566.899,243258,159,0
2024-11-15,2566.888,2576.06,2554.406,2562.969,202809,159,0
2024-11-17,2568.027,2575.523,2568.027,2571.441,5698,159,0
2024-11-18,2571.403,2615.104,2569.866,2612.704,190685,159,0
2024-11-19,2612.731,2639.473,2611.057,2635.166,199478,159,0
2024-11-20,2635.157,2655.433,2618.864,2652.124,172845,159,0
2024-11-21,2652.153,2673.522,2650.325,2669.159,179694,159,0
2024-11-22,2669.127,2715.658,2668.853,2715.573,214300,159,0
2024-11-24,2711.186,2721.405,2710.748,2719.756,8444,159,0
2024-11-25,2719.727,2720.136,2605.112,2610.461,324781,159,0
2024-11-26,2610.527,2641.993,2608.451,2632.254,231795,159,0
2024-11-27,2632.253,2658.206,2627.017,2637.168,182312,159,0
2024-11-28,2637.063,2649.674,2620.844,2638.767,122238,159,0
2024-11-29,2638.726,2666.383,2633.969,2655.23,154273,159,0
2024-12-01,2649.054,2650.324,2643.053,2645.659,5596,159,0
2024-12-02,2645.756,2651.794,2621.838,2642.211,226417,159,0
2024-12-03,2642.228,2655.665,2634.033,2642.721,183325,159,0
2024-12-04,2642.725,2657.184,2632.33,2650.397,188270,159,0
2024-12-05,2650.404,2655.518,2623.444,2633.713,173691,159,0
2024-12-06,2633.721,2645.733,2612.931,2632.92,204943,159,0
2024-12-08,2642.963,2648.524,2636.316,2640.064,8040,159,0
2024-12-09,2640.064,2676.445,2627.461,2660.449,196964,159,0
2024-12-10,2660.489,2698.378,2657.958,2695.986,180763,159,0
2024-12-11,2695.911,2721.052,2675.566,2719.922,185204,145,0
2024-12-12,2719.984,2726.206,2675.077,2680.623,73763,159,0
2024-12-13,2680.617,2692.778,2646.046,2648.392,70316,159,0
2024-12-15,2649.414,2653.127,2648.793,2651.479,1933,159,0
2024-12-16,2651.484,2664.447,2643.523,2651.744,118333,80,0
2024-12-17,2651.762,2658.639,2632.966,2647.378,161372,159,0
2024-12-18,2647.365,2651.746,2583.39,2588.225,184676,159,0
2024-12-19,2588.256,2626.43,2586.951,2593.519,208743,159,0
2024-12-20,2593.496,2631.875,2589.593,2622.643,178657,64,0
2024-12-22,2623.329,2624.907,2621.731,2624.293,1858,159,0
2024-12-23,2624.399,2633.259,2608.117,2615.492,123871,64,0
2024-12-24,2615.546,2621.472,2610.019,2616.713,100839,159,0
2024-12-25,2615.621,2620.115,2615.371,2618.656,2409,160,0
2024-12-26,2618.647,2639.177,2618.611,2632.684,118078,159,0
2024-12-27,2632.689,2638.314,2611.579,2621.623,135559,159,0
2024-12-29,2621.977,2626.159,2621.632,2624.035,4005,159,0
2024-12-30,2624.08,2628.111,2596.07,2606.677,141327,159,0
2024-12-31,2606.717,2627.541,2602.591,2624.381,122278,159,0
2025-01-01,2625.179,2625.839,2621.668,2623.766,3104,159,0
2025-01-02,2623.798,2660.463,2622.754,2658.327,161278,159,0
2025-01-03,2658.328,2665.253,2636.623,2640.37,133478,159,0
2025-01-05,2639.644,2642.398,2639.644,2641.063,3236,160,0
2025-01-06,2641.098,2649.515,2614.419,2634.676,194785,159,0
2025-01-07,2634.625,2664.264,2632.918,2649.807,170812,159,0
2025-01-08,2649.817,2670.053,2645.202,2662.507,162497,159,0
2025-01-09,2662.526,2678.333,2655.437,2669.951,135961,159,0
2025-01-10,2669.958,2698.026,2663.994,2689.589,273893,159,0
2025-01-12,2689.769,2691.373,2687.578,2691.105,5107,159,0
2025-01-13,2691.128,2693.368,2656.768,2668.058,263602,159,0
2025-01-14,2667.976,2678.277,2659.802,2675.589,201655,159,0
2025-01-15,2675.58,2697.97,2669.391,2694.963,219196,159,0
2025-01-16,2694.98,2724.74,2689.907,2714.578,239922,159,0
2025-01-17,2714.624,2717.346,2699.242,2702.879,165131,159,0
2025-01-19,2702.629,2703.084,2691.53,2696.424,4805,160,0
2025-01-20,2696.424,2713.766,2689.355,2710.445,143542,159,0
2025-01-21,2710.433,2745.963,2702.797,2744.259,169686,159,0
2025-01-22,2744.309,2763.457,2742.713,2755.583,221043,159,0
2025-01-23,2755.563,2758.966,2735.77,2754.543,234977,159,0
2025-01-24,2754.546,2786.013,2754.329,2771.079,222068,159,0
2025-01-26,2765.65,2769.721,2765.185,2767.553,8225,159,0
2025-01-27,2767.554,2772.541,2730.452,2741.71,279620,159,0
2025-01-28,2741.743,2765.069,2734.762,2762.704,205237,159,0
2025-01-29,2762.701,2766.271,2744.744,2760.307,226740,159,0
2025-01-30,2760.243,2798.505,2758.633,2796.146,234513,159,0
2025-01-31,2796.183,2817.244,2791.025,2799.348,293430,159,0
2025-02-02,2801.018,2804.653,2784.271,2793.709,36924,159,0
2025-02-03,2793.726,2830.586,2772.152,2814.023,393132,159,0
2025-02-04,2813.985,2845.504,2807.2,2841.206,312965,159,0
2025-02-05,2841.26,2882.425,2839.691,2869.279,291057,159,0
2025-02-06,2869.272,2873.327,2834.055,2858.0,290629,159,0
2025-02-07,2857.994,2886.751,2852.442,2861.006,274030,159,0
2025-02-09,2861.269,2870.59,2860.136,2867.495,7916,159,0
2025-02-10,2867.539,2921.675,2865.83,2917.847,259218,159,0
2025-02-11,2917.894,2942.682,2881.751,2898.536,361092,159,0
2025-02-12,2898.562,2909.267,2864.146,2905.781,269380,159,0
2025-02-13,2905.756,2932.484,2901.437,2931.217,227983,159,0
2025-02-14,2931.192,2940.005,2876.991,2882.772,290194,159,0
2025-02-16,2893.643,2894.034,2878.43,2879.221,16152,159,0
2025-02-17,2879.254,2906.455,2879.254,2899.373,177663,159,0
2025-02-18,2899.325,2936.994,2892.003,2934.061,170586,159,0
2025-02-19,2934.059,2947.041,2918.524,2935.384,200684,159,0
2025-02-20,2935.386,2954.975,2924.114,2941.53,198806,159,0
2025-02-21,2941.57,2949.748,2916.682,2936.453,205639,159,0
2025-02-23,2939.411,2940.533,2936.498,2936.867,6014,159,0
2025-02-24,2936.863,2956.229,2921.316,2949.996,209805,159,0
2025-02-25,2949.957,2952.552,2888.229,2918.604,244669,159,0
2025-02-26,2918.631,2930.162,2890.669,2919.118,192380,159,0
2025-02-27,2919.176,2919.176,2867.721,2876.063,265930,159,0
2025-02-28,2876.069,2885.034,2832.578,2858.242,244460,159,0
2025-03-02,2873.556,2876.984,2863.968,2870.799,13996,159,0
2025-03-03,2870.866,2895.267,2858.83,2890.886,205259,159,0
2025-03-04,2890.863,2927.891,2881.878,2914.363,222939,159,0
2025-03-05,2914.362,2930.042,2894.303,2918.236,264746,159,0
2025-03-06,2918.237,2926.584,2891.159,2910.354,232898,159,0
2025-03-07,2910.298,2930.525,2896.669,2911.256,272763,159,0
2025-03-09,2912.347,2917.025,2909.608,2916.189,10291,159,0
2025-03-10,2916.19,2918.312,2880.166,2884.685,259858,159,0
2025-03-11,2884.724,2922.262,2880.121,2915.551,190961,159,0
2025-03-12,2915.589,2940.617,2905.97,2938.039,201906,159,0
2025-03-13,2938.025,2989.943,2932.92,2986.435,207919,159,0
2025-03-14,2986.473,3004.918,2978.396,2986.37,200184,159,0
2025-03-16,2987.601,2994.118,2986.054,2990.061,7871,159,0
2025-03-17,2989.965,3002.783,2982.158,2999.831,149580,159,0
2025-03-18,2999.803,3038.334,2999.49,3031.774,178182,159,0
2025-03-19,3031.801,3051.982,3022.738,3050.026,176851,159,0
2025-03-20,3050.023,3057.484,3025.635,3046.409,193229,159,0
2025-03-21,3046.335,3047.435,2999.385,3023.493,193592,159,0
2025-03-23,3023.441,3026.331,3022.143,3024.721,6789,159,0
2025-03-24,3024.709,3033.208,3002.466,3009.91,176511,159,0
2025-03-25,3009.945,3035.987,3007.507,3021.041,148157,159,0
2025-03-26,3021.037,3032.042,3012.325,3021.623,154149,159,0
2025-03-27,3021.563,3059.885,3021.522,3055.71,208968,159,0
2025-03-28,3055.726,3086.759,3054.993,3085.002,213801,159,0
2025-03-30,3092.531,3097.861,3087.793,3089.213,13212,159,0
2025-03-31,3089.159,3128.165,3076.841,3120.581,276572,159,0
2025-04-01,3120.561,3149.059,3100.761,3115.168,272404,159,0
2025-04-02,3115.16,3167.792,3104.742,3162.712,319396,159,0
2025-04-03,3162.55,3164.812,3054.052,3112.884,498046,159,0
2025-04-04,3112.908,3136.756,3015.593,3038.506,516507,159,0
2025-04-06,3028.686,3032.445,2977.024,2999.944,46371,159,0
2025-04-07,2999.954,3055.804,2956.374,2981.328,685479,159,0
2025-04-08,2981.363,3022.746,2969.978,2978.367,332841,159,0
2025-04-09,2978.398,3099.673,2972.466,3086.784,457847,159,0
2025-04-10,3086.745,3191.341,3078.431,3188.972,358899,159,0
2025-04-11,3188.993,3245.436,3184.783,3237.519,383338,159,0
2025-04-13,3220.46,3224.786,3213.589,3223.733,19664,159,0
2025-04-14,3223.699,3245.757,3193.552,3212.626,265848,159,0
2025-04-15,3212.601,3251.826,3210.002,3251.78,184867,159,0
2025-04-16,3251.804,3357.738,3251.59,3350.133,295419,159,0
2025-04-17,3350.168,3356.316,3283.828,3327.671,308805,159,0
2025-04-20,3331.849,3353.144,3331.312,3348.078,23638,159,0
2025-04-21,3348.119,3444.257,3347.487,3434.548,296443,159,0
2025-04-22,3434.524,3500.033,3315.828,3336.561,546947,159,0
2025-04-23,3336.607,3386.643,3260.042,3316.384,494581,159,0
2025-04-24,3316.351,3370.789,3306.739,3348.976,350479,159,0
2025-04-25,3348.948,3363.157,3265.0,3318.798,320945,159,0
2025-04-27,3325.64,3330.215,3298.606,3302.739,25677,159,0
2025-04-28,3302.745,3353.006,3268.048,3337.682,306758,159,0
2025-04-29,3337.643,3340.061,3299.649,3317.122,257267,159,0
2025-04-30,3317.122,3327.982,3266.901,3272.887,297418,159,0
2025-05-01,3272.922,3276.329,3201.862,3237.253,318449,159,0
2025-05-02,3237.291,3269.242,3222.721,3240.947,280155,159,0
2025-05-04,3238.49,3252.3,3237.562,3247.922,17230,159,0
2025-05-05,3247.969,3338.019,3241.18,3334.031,263107,159,0
2025-05-06,3334.038,3435.016,3323.139,3400.68,375689,159,0
2025-05-07,3400.723,3401.666,3360.068,3376.488,356702,159,0
2025-05-08,3376.515,3414.851,3288.697,3316.412,386854,159,0
2025-05-09,3316.448,3347.556,3274.664,3326.805,269780,159,0
2025-05-11,3282.255,3292.6,3265.847,3287.561,32302,159,0
2025-05-12,3287.506,3290.026,3207.693,3236.858,398375,159,0
2025-05-13,3236.906,3265.659,3215.88,3254.41,262784,159,0
2025-05-14,3254.388,3254.658,3167.933,3186.127,311954,159,0
2025-05-15,3186.011,3252.105,3120.65,3237.15,310534,159,0
2025-05-16,3237.175,3244.613,3154.289,3202.217,312821,159,0
2025-05-18,3214.226,3245.252,3211.713,3234.91,28622,159,0
2025-05-19,3234.947,3249.812,3206.584,3222.532,266772,159,0
2025-05-20,3222.561,3304.072,3204.521,3290.695,274582,159,0
2025-05-21,3290.734,3324.897,3285.42,3320.085,284144,159,0
2025-05-22,3320.121,3345.472,3279.252,3300.146,302622,159,0
2025-05-23,3300.172,3365.925,3286.942,3356.275,303157,159,0
2025-05-25,3352.095,3352.48,3341.363,3342.691,22866,159,0
2025-05-26,3342.658,3356.859,3323.485,3346.139,165167,159,0
2025-05-27,3346.182,3350.029,3285.089,3309.435,249211,159,0
2025-05-28,3309.431,3325.529,3250.273,3259.895,245214,159,0
2025-05-29,3259.921,3331.225,3245.439,3315.503,268168,159,0
2025-05-30,3315.498,3322.742,3271.526,3289.665,264312,159,0
2025-06-01,3303.113,3316.742,3299.873,3310.255,17004,159,0
2025-06-02,3310.213,3392.238,3301.409,3387.456,234376,159,0
2025-06-03,3387.407,3388.687,3333.053,3359.996,224705,159,0
2025-06-04,3359.943,3384.709,3343.72,3378.042,217755,159,0
2025-06-05,3378.099,3403.592,3339.37,3361.81,318909,159,0
2025-06-06,3361.867,3375.685,3307.053,3311.702,266424,159,0
2025-06-08,3317.819,3321.215,3309.24,3318.038,14524,159,0
2025-06-09,3318.082,3338.24,3293.428,3326.766,199789,159,0
2025-06-10,3326.809,3349.153,3301.917,3327.862,227983,159,0
2025-06-11,3327.936,3373.534,3319.22,3365.376,271068,159,0
2025-06-12,3365.405,3399.045,3338.536,3395.882,279770,160,0
2025-06-13,3395.837,3446.819,3391.693,3433.449,340673,160,0
2025-06-15,3440.955,3451.251,3438.591,3444.141,24939,160,0
2025-06-16,3444.166,3451.224,3382.725,3402.769,275404,160,0
2025-06-17,3402.815,3403.256,3366.079,3387.392,266996,160,0
2025-06-18,3387.295,3400.011,3362.474,3375.023,245185,160,0
2025-06-19,3375.042,3387.968,3347.456,3368.739,184349,160,0
2025-06-20,3368.763,3374.477,3340.345,3368.546,185394,160,0
2025-06-22,3384.117,3388.96,3371.173,3372.755,26322,160,0
2025-06-23,3372.776,3393.565,3341.462,3344.235,254762,160,0
2025-06-24,3344.27,3357.912,3295.339,3324.142,255803,160,0
2025-06-25,3324.139,3340.158,3311.894,3339.028,159568,160,0
2025-06-26,3338.987,3350.37,3309.947,3318.758,197557,160,0
2025-06-27,3318.767,3322.012,3255.821,3274.526,241458,160,0
2025-06-29,3272.488,3274.249,3247.921,3263.806,27905,160,0
2025-06-30,3263.775,3314.602,3259.456,3312.441,184665,160,0
2025-07-01,3312.493,3358.015,3309.917,3338.152,187379,160,0
2025-07-02,3338.186,3365.726,3327.587,3349.395,176065,160,0
2025-07-03,3349.42,3363.677,3311.535,3330.871,180084,160,0
2025-07-04,3330.875,3345.127,3325.867,3334.998,96870,160,0
2025-07-06,3341.408,3341.918,3326.187,3328.853,11990,160,0
2025-07-07,3328.83,3345.823,3296.296,3334.653,206084,160,0
2025-07-08,3334.697,3339.5,3287.023,3302.277,195762,160,0
2025-07-09,3302.322,3321.176,3282.656,3317.64,178736,160,0
2025-07-10,3317.559,3330.318,3310.017,3323.808,159006,160,0
2025-07-11,3323.764,3368.736,3323.638,3355.105,186920,160,0
2025-07-13,3361.295,3374.017,3359.658,3367.772,17883,160,0
2025-07-14,3367.731,3375.078,3340.954,3345.337,170089,160,0
2025-07-15,3345.299,3366.356,3320.218,3331.056,176919,160,0
2025-07-16,3331.092,3377.523,3319.529,3346.526,240545,160,0
2025-07-17,3346.556,3347.405,3309.883,3340.139,165134,160,0
2025-07-18,3340.176,3361.236,3331.801,3350.395,137554,160,0
2025-07-20,3348.767,3350.115,3345.015,3349.128,7784,160,0
2025-07-21,3349.168,3402.783,3347.656,3396.532,159225,160,0
2025-07-22,3396.54,3433.507,3383.24,3427.458,182031,160,0
2025-07-23,3427.433,3438.98,3381.402,3390.008,207467,160,0
2025-07-24,3390.06,3393.438,3351.315,3369.419,177156,160,0
2025-07-25,3369.422,3373.578,3324.928,3336.826,151270,160,0
2025-07-27,3329.144,3337.465,3323.817,3333.683,15938,160,0
2025-07-28,3333.675,3345.352,3301.77,3312.468,173251,160,0
2025-07-29,3312.485,3334.142,3307.843,3327.531,171987,160,0
2025-07-30,3327.568,3334.025,3268.034,3285.303,217598,160,0
2025-07-31,3285.257,3314.83,3282.802,3288.651,190098,160,0
2025-08-01,3288.607,3363.566,3281.566,3363.119,223306,160,0
2025-08-03,3364.339,3364.563,3354.526,3361.957,12387,160,0
2025-08-04,3361.99,3385.353,3345.006,3377.407,153141,160,0
2025-08-05,3377.383,3390.402,3349.803,3383.151,149177,160,0
2025-08-06,3383.221,3385.34,3358.091,3370.155,144884,160,0
2025-08-07,3370.205,3408.99,3365.222,3400.47,258010,160,0
2025-08-08,3400.432,3404.271,3376.445,3398.564,357973,160,0
2025-08-10,3400.578,3401.819,3390.292,3391.548,14057,160,0
2025-08-11,3391.592,3391.639,3341.273,3349.027,216182,160,0
2025-08-12,3349.01,3359.254,3331.08,3350.57,206790,160,0
2025-08-13,3350.58,3370.735,3342.678,3362.702,143328,160,0
2025-08-14,3362.748,3374.859,3329.766,3335.551,190587,160,0
2025-08-15,3335.58,3348.747,3332.372,3335.213,137351,160,0
2025-08-17,3334.569,3335.381,3323.503,3327.087,10050,160,0
2025-08-18,3327.08,3358.417,3326.773,3330.978,131690,160,0
2025-08-19,3330.99,3345.328,3312.771,3314.231,143010,160,0
2025-08-20,3314.241,3352.092,3311.476,3346.836,133391,160,0
2025-08-21,3346.906,3348.081,3325.126,3338.411,134213,160,0
2025-08-22,3338.367,3378.869,3321.45,3372.299,158107,160,0
2025-08-24,3368.744,3371.052,3365.862,3368.995,7171,160,0
2025-08-25,3369.08,3376.306,3351.716,3354.854,109315,160,0
2025-08-26,3354.827,3393.583,3351.252,3390.862,161184,160,0
2025-08-27,3390.853,3399.502,3373.698,3395.819,132559,160,0
2025-08-28,3395.762,3423.212,3384.603,3414.819,139350,160,0
2025-08-29,3414.85,3453.924,3404.313,3448.035,137968,160,0
2025-08-31,3445.866,3452.606,3442.459,3447.952,9772,160,0
2025-09-01,3447.912,3489.928,3437.028,3479.211,164603,160,0
2025-09-02,3479.13,3540.094,3470.194,3529.984,247116,160,0
2025-09-03,3530.082,3578.427,3526.781,3560.292,236097,160,0
2025-09-04,3560.341,3563.473,3511.172,3552.54,233708,160,0
2025-09-05,3552.532,3600.076,3544.721,3586.597,237665,160,0
2025-09-07,3591.856,3596.716,3587.112,3591.151,23680,160,0
2025-09-08,3591.173,3646.316,3579.577,3634.992,215946,160,0
2025-09-09,3635.023,3674.523,3623.134,3633.568,271038,160,0
2025-09-10,3633.543,3657.622,3620.18,3644.883,193517,160,0
2025-09-11,3644.916,3649.134,3613.082,3631.842,208776,160,0
2025-09-12,3631.81,3656.62,3630.526,3643.484,160488,160,0
2025-09-14,3644.61,3646.044,3636.772,3638.241,7090,160,0
2025-09-15,3638.237,3685.623,3626.541,3676.965,172811,160,0
2025-09-16,3676.886,3703.088,3674.711,3694.245,180052,160,0
2025-09-17,3694.244,3707.49,3646.097,3669.169,284178,160,0
2025-09-18,3669.131,3673.021,3627.744,3640.239,243036,160,0
2025-09-19,3640.242,3685.203,3632.203,3684.861,189553,160,0
2025-09-21,3687.969,3692.29,3683.776,3686.253,11982,160,0
2025-09-22,3686.263,3749.254,3685.466,3747.763,221402,160,0
2025-09-23,3747.797,3791.084,3736.722,3763.836,278707,160,0
2025-09-24,3763.822,3779.257,3717.427,3742.92,232420,160,0
2025-09-25,3742.99,3761.648,3721.931,3744.717,283982,160,0
2025-09-26,3744.676,3783.85,3734.464,3761.041,234831,160,0
2025-09-28,3764.718,3772.495,3763.347,3766.899,12895,160,0
2025-09-29,3766.858,3834.0,3763.935,3832.835,317889,160,0
2025-09-30,3832.89,3871.7,3793.113,3862.927,357570,160,0
2025-10-01,3862.94,3895.356,3853.334,3863.518,322330,160,0
2025-10-02,3863.475,3897.154,3819.335,3862.41,313970,160,0
2025-10-03,3862.365,3891.669,3838.019,3887.045,266489,160,0
2025-10-05,3888.624,3920.986,3884.034,3909.45,35159,160,0
2025-10-06,3909.487,3976.198,3898.937,3969.514,377678,160,0
2025-10-07,3969.556,3995.936,3940.82,3994.411,347198,160,0
2025-10-08,3994.367,4059.321,3984.478,4011.688,367720,160,0
2025-10-09,4011.706,4057.972,3944.571,3989.932,549749,160,0
2025-10-10,3989.927,4022.825,3946.94,4010.399,516770,160,0
2025-10-12,4014.463,4060.232,4008.645,4035.147,49635,160,0
2025-10-13,4035.195,4132.068,4024.3,4128.045,408160,160,0
2025-10-14,4128.091,4179.744,4090.542,4161.613,642748,160,0
2025-10-15,4161.574,4218.249,4153.849,4209.458,457716,160,0
2025-10-16,4209.491,4380.074,4203.508,4365.805,520292,160,0
2025-10-17,4365.763,4378.578,4186.194,4250.936,982854,160,0
2025-10-19,4264.629,4268.301,4233.246,4237.893,40918,160,0
2025-10-20,4237.865,4381.58,4218.931,4360.492,587764,160,0
2025-10-21,4360.442,4372.296,4080.817,4093.165,905021,160,0
2025-10-22,4093.182,4161.36,4004.185,4087.666,1004992,160,0
2025-10-23,4087.709,4154.67,4065.957,4121.775,534048,160,0
2025-10-24,4121.8,4144.291,4043.978,4113.082,509517,160,0
2025-10-26,4083.575,4109.217,4061.912,4064.458,50114,160,0
2025-10-27,4064.532,4097.81,3971.348,3998.476,569299,160,0
2025-10-28,3998.379,4019.767,3886.535,3964.818,558874,160,0
2025-10-29,3964.838,4030.262,3917.163,3952.812,548669,160,0
2025-10-30,3952.798,4046.422,3915.334,4036.658,538153,160,0
2025-10-31,4036.633,4039.294,3972.406,4001.621,446380,160,0
2025-11-02,3990.719,3998.97,3977.946,3980.468,17437,160,0
2025-11-03,3980.378,4030.646,3962.306,3997.266,411882,160,0
2025-11-04,3997.301,4000.711,3928.81,3934.767,414603,160,0
2025-11-05,3934.793,3990.543,3929.598,3973.671,311962,160,0
2025-11-06,3973.63,4019.609,3964.543,3989.177,302268,160,0
2025-11-07,3989.218,4027.628,3984.058,4001.422,298321,160,0
2025-11-09,4004.876,4012.265,4004.067,4011.834,11812,160,0
2025-11-10,4011.87,4122.693,4011.132,4119.955,319417,160,0
2025-11-11,4119.992,4148.862,4097.107,4142.683,304175,160,0
2025-11-12,4142.574,4211.822,4098.895,4191.097,398842,160,0
2025-11-13,4191.055,4245.297,4145.366,4185.865,500559,160,0
2025-11-14,4185.908,4211.571,4032.194,4084.609,568727,160,0
2025-11-16,4083.755,4106.784,4071.875,4096.457,22938,160,0
2025-11-17,4096.528,4102.076,4006.827,4036.825,495199,160,0
2025-11-18,4036.862,4082.273,3998.037,4076.65,476028,160,0
2025-11-19,4076.692,4132.686,4055.572,4104.662,494156,160,0
2025-11-20,4104.692,4110.341,4038.705,4079.125,600499,160,0
2025-11-21,4079.174,4101.312,4022.258,4066.113,546706,160,0
2025-11-23,4072.469,4077.701,4065.797,4075.117,14594,160,0
2025-11-24,4075.148,4144.405,4039.842,4143.81,375344,160,0
2025-11-25,4143.802,4159.414,4109.156,4133.73,427092,160,0
2025-11-26,4133.737,4173.595,4132.595,4165.012,342401,160,0
2025-11-27,4164.965,4167.313,4142.601,4163.431,206771,160,0
2025-11-28,4163.371,4226.479,4147.529,4219.163,232061,160,0
2025-11-30,4219.988,4225.308,4205.841,4221.933,15689,160,0
2025-12-01,4221.906,4264.532,4215.434,4227.7,427635,160,0
2025-12-02,4227.704,4230.859,4163.566,4212.876,427542,160,0
2025-12-03,4212.913,4241.579,4194.48,4207.165,387561,160,0
2025-12-04,4207.102,4219.486,4174.868,4206.079,353086,160,0
2025-12-05,4206.077,4259.24,4191.863,4198.522,355866,160,0
2025-12-07,4202.426,4208.458,4189.804,4201.389,2189,160,0
2025-12-08,4201.433,4218.963,4176.137,4194.735,266750,160,0
2025-12-09,4194.74,4221.526,4170.097,4210.87,334230,160,0
2025-12-10,4210.815,4238.706,4181.686,4232.419,368622,160,0
2025-12-11,4232.502,4285.959,4204.316,4276.523,581908,160,0
2025-12-12,4276.471,4353.57,4256.958,4300.983,505968,160,0
2025-12-14,4300.525,4308.411,4299.862,4302.391,9925,160,0
2025-12-15,4302.431,4350.352,4285.18,4304.15,359708,160,0
2025-12-16,4304.132,4335.137,4271.599,4307.86,394080,160,0
2025-12-17,4307.905,4349.297,4306.453,4339.201,389348,160,0
2025-12-18,4339.15,4374.645,4308.654,4335.144,415106,160,0
2025-12-19,4335.17,4356.559,4309.221,4339.365,308804,160,0
2025-12-21,4340.979,4356.441,4339.944,4355.345,7979,160,0
2025-12-22,4355.278,4461.775,4355.278,4460.243,301595,160,0
2025-12-23,4460.236,4510.399,4430.559,4503.344,369121,160,0
2025-12-24,4503.359,4525.969,4448.294,4480.715,347240,160,0
2025-12-25,4486.193,4500.024,4484.435,4495.245,9555,160,0
2025-12-26,4495.172,4550.188,4492.303,4532.515,414544,160,0
2025-12-28,4546.214,4548.5,4523.347,4527.184,25289,160,0
2025-12-29,4527.21,4528.031,4302.137,4345.645,685817,160,0
2025-12-30,4345.585,4404.262,4324.41,4338.922,464785,160,0
2025-12-31,4338.977,4373.45,4274.341,4318.847,442589,160,0
2026-01-01,4328.34,4351.526,4327.673,4348.349,8141,160,0
2026-01-02,4348.358,4402.465,4309.68,4331.759,382328,160,0
2026-01-04,4353.486,4375.927,4349.834,4372.57,15661,160,0
2026-01-05,4372.597,4460.29,4370.227,4440.334,450854,160,0
2026-01-06,4440.426,4500.541,4427.675,4493.223,379402,160,0
2026-01-07,4493.308,4495.931,4423.563,4463.418,434753,160,0
2026-01-08,4463.439,4484.203,4407.557,4475.597,418793,160,0
2026-01-09,4475.632,4517.18,4452.819,4509.075,373446,160,0
2026-01-11,4517.918,4545.01,4517.918,4539.96,13229,160,0
2026-01-12,4540.027,4630.183,4536.272,4599.371,486255,160,0
2026-01-13,4599.408,4634.774,4569.234,4597.136,418558,160,0
2026-01-14,4597.181,4643.164,4597.11,4615.294,457715,160,0
2026-01-15,4615.256,4624.902,4580.995,4610.284,441747,160,0
2026-01-16,4610.243,4620.563,4536.729,4596.588,437162,160,0
2026-01-18,4655.358,4690.7,4653.824,4672.573,25469,160,0
2026-01-19,4672.63,4682.114,4653.138,4665.406,259591,160,0
2026-01-20,4665.371,4781.083,4659.455,4775.878,447317,160,0
2026-01-21,4775.829,4888.495,4755.85,4778.381,728330,160,0
2026-01-22,4778.317,4960.587,4772.208,4958.972,460131,160,0
2026-01-23,4959.011,4989.804,4899.542,4988.337,466552,160,0
2026-01-25,5019.847,5040.296,5003.575,5039.789,30605,160,0
2026-01-26,5039.821,5111.144,4989.632,5043.629,847116,160,0
2026-01-27,5043.588,5190.49,5013.485,5172.433,767074,160,0
2026-01-28,5172.389,5570.018,5157.059,5513.022,1049429,160,0
2026-01-29,5512.989,5595.349,5094.978,5438.589,1287138,160,0
2026-01-30,5438.551,5450.946,4682.526,4891.496,2315638,160,0
2026-02-01,4793.519,4819.788,4697.912,4741.422,41133,160,0
2026-02-02,4741.564,4884.89,4401.961,4774.148,1430317,160,0
2026-02-03,4774.235,4993.649,4745.469,4947.236,746083,160,0
2026-02-04,4947.389,5091.855,4852.203,5012.195,567185,160,0
2026-02-05,5012.269,5020.51,4703.368,4703.768,828533,160,0
2026-02-06,4703.682,4971.478,4655.213,4968.145,470218,160,0
2026-02-08,4967.633,5046.837,4964.697,5035.944,13778,240,0
2026-02-09,5036.019,5086.697,4968.921,5031.903,310319,160,0
2026-02-10,5031.829,5078.663,4998.72,5041.55,293093,160,0
2026-02-11,5041.616,5119.259,5019.052,5061.397,283086,160,0
2026-02-12,5061.305,5083.763,4878.366,4920.302,388342,160,0
2026-02-13,4920.054,5046.101,4913.787,5042.605,295612,160,0
2026-02-15,5026.64,5032.237,5010.128,5019.914,9934,240,0
2026-02-16,5019.874,5031.48,4964.573,4989.986,142463,160,0
2026-02-17,4989.899,4991.592,4841.149,4859.523,317839,160,0
2026-02-18,4859.221,5010.974,4858.455,4976.255,188346,160,0
2026-02-19,4976.015,5022.336,4960.446,4987.7,183001,160,0
2026-02-20,4987.764,5108.031,4981.699,5105.809,252250,160,0
2026-02-22,5111.637,5171.868,5108.785,5165.373,10741,240,0
2026-02-23,5165.366,5249.439,5122.192,5235.933,231559,240,0
2026-02-24,5235.839,5238.095,5093.319,5146.578,264174,240,0
2026-02-25,5146.576,5217.614,5136.459,5163.125,207782,240,0
2026-02-26,5163.219,5205.41,5130.47,5184.462,235766,240,0
2026-02-27,5184.431,5281.253,5166.688,5279.022,218301,240,0
2026-03-01,5319.272,5393.371,5314.681,5386.916,16153,360,0
2026-03-02,5386.641,5419.03,5260.224,5345.688,412454,360,0
2026-03-03,5345.693,5379.802,4995.96,5125.056,664194,240,0
2026-03-04,5125.116,5205.974,5105.702,5164.962,390977,240,0
2026-03-05,5164.887,5194.986,5050.681,5086.266,340918,240,0
2026-03-06,5086.068,5176.565,5062.475,5174.067,292218,240,0
2026-03-08,5178.794,5180.193,5044.202,5075.442,40721,264,0
2026-03-09,5075.974,5155.948,5014.438,5139.445,342432,240,0
2026-03-10,5139.609,5238.432,5124.549,5196.851,239062,360,0
2026-03-11,5196.925,5223.041,5129.795,5134.222,202198,360,0
2026-03-12,5134.08,5191.657,5054.751,5098.163,218473,240,0
2026-03-13,5098.067,5128.363,5009.525,5020.977,225061,240,0
2026-03-15,5017.112,5030.407,4966.796,4997.507,23597,160,0
2026-03-16,4997.434,5038.067,4970.011,5012.795,235426,160,0
2026-03-17,5012.899,5044.474,4973.345,5002.75,187397,200,0
2026-03-18,5002.803,5016.311,4804.247,4836.86,292082,200,0
2026-03-19,4836.657,4866.892,4502.61,4643.703,605488,200,0
2026-03-20,4643.631,4735.802,4477.057,4497.479,732855,260,0
2026-03-22,4477.751,4536.1,4449.511,4464.724,48927,280,0
2026-03-23,4464.563,4512.782,4098.357,4441.191,2070834,260,0
2026-03-24,4441.133,4551.356,4305.617,4546.757,1134606,336,0
2026-03-25,4546.67,4602.458,4486.821,4498.103,710584,280,0
2026-03-26,4498.351,4544.567,4350.95,4404.911,933061,280,0
2026-03-27,4404.958,4555.421,4375.187,4495.377,505575,280,0
2026-03-29,4511.704,4513.9,4443.776,4448.566,33532,280,0
2026-03-30,4448.666,4580.694,4418.467,4513.571,446052,280,0
2026-03-31,4513.54,4699.99,4482.562,4696.42,476870,280,0
2026-04-01,4696.362,4800.288,4667.099,4784.149,372655,280,0
2026-04-02,4784.22,4798.722,4553.758,4675.248,605491,280,0
2026-04-05,4662.786,4662.786,4605.062,4610.601,30870,280,0
2026-04-06,4610.685,4706.668,4600.547,4658.85,305316,280,0
2026-04-07,4658.955,4836.35,4607.254,4833.203,506251,280,0
2026-04-08,4833.471,4857.34,4699.492,4715.52,398191,280,0
2026-04-09,4715.678,4801.202,4698.134,4763.591,299063,280,0
2026-04-10,4763.654,4795.16,4730.601,4749.32,239446,160,0
2026-04-12,4670.253,4685.152,4644.106,4671.255,23069,280,0
2026-04-13,4671.339,4765.958,4664.642,4757.364,285544,280,0
2026-04-14,4757.642,4850.578,4751.512,4836.91,234097,280,0
2026-04-15,4836.967,4871.29,4786.07,4823.547,242687,280,0
2026-04-16,4823.203,4838.319,4772.907,4791.644,228738,280,0
2026-04-17,4791.552,4889.686,4767.561,4832.882,255400,280,0
2026-04-19,4774.48,4795.276,4736.757,4755.183,23474,360,0
2026-04-20,4755.285,4833.095,4744.969,4821.563,244612,280,0
2026-04-21,4821.611,4830.532,4668.17,4737.924,327562,280,0
2026-04-22,4738.061,4772.287,4723.353,4727.939,201267,280,0
2026-04-23,4728.005,4753.764,4664.031,4695.224,334673,280,0
2026-04-24,4695.297,4740.324,4657.657,4708.409,244510,280,0
2026-04-26,4696.068,4699.827,4674.842,4680.054,11780,280,0
2026-04-27,4680.118,4730.124,4666.995,4692.035,198314,280,0
2026-04-28,4692.097,4701.388,4554.677,4595.762,284685,280,0
2026-04-29,4595.717,4610.188,4510.099,4561.717,298710,280,0
2026-04-30,4561.621,4646.985,4540.766,4626.341,293818,280,0
2026-05-01,4626.429,4660.228,4559.759,4613.396,218460,280,0
2026-05-03,4625.982,4629.33,4611.106,4613.764,11665,280,0
2026-05-04,4613.93,4618.557,4500.602,4518.866,343284,280,0
2026-05-05,4519.021,4595.796,4513.422,4593.801,194494,280,0
2026-05-06,4593.761,4723.017,4588.283,4698.855,259448,280,0
2026-05-07,4698.977,4764.782,4681.762,4704.064,293811,280,0
2026-05-08,4703.996,4749.575,4693.892,4715.309,235200,280,0
2026-05-10,4691.841,4698.539,4678.931,4691.675,12922,280,0
2026-05-11,4691.609,4770.005,4648.154,4767.591,255911,280,0
2026-05-12,4767.215,4773.652,4637.982,4716.694,280921,280,0
2026-05-13,4716.95,4727.045,4669.361,4696.689,217903,280,0
2026-05-14,4696.333,4718.881,4644.191,4652.328,254506,280,0
2026-05-15,4652.404,4658.214,4511.162,4539.766,376316,280,0
2026-05-17,4538.378,4554.776,4531.793,4537.191,19346,280,0
2026-05-18,4536.965,4588.977,4480.265,4581.862,405422,280,0
2026-05-19,4581.926,4589.369,4464.373,4489.452,330560,280,0
2026-05-20,4489.396,4553.062,4453.213,4546.321,355843,280,0
2026-05-21,4546.372,4570.947,4488.377,4535.299,341938,280,0
2026-05-22,4535.552,4540.956,4491.538,4507.776,241247,280,0
2026-05-24,4545.415,4579.984,4543.319,4567.183,15768,280,0
2026-05-25,4567.126,4580.336,4550.32,4559.694,157173,280,0
2026-05-26,4559.657,4560.161,4482.236,4519.734,243177,280,0
2026-05-27,4519.674,4525.726,4401.186,4447.141,283586,280,0
2026-05-28,4446.905,4516.533,4366.232,4494.974,311247,280,0
2026-05-29,4495.156,4595.189,4492.02,4540.363,253412,280,0
2026-05-31,4521.201,4545.74,4518.354,4539.348,13329,280,0
2026-06-01,4539.409,4546.159,4447.501,4484.275,248588,280,0
2026-06-02,4484.473,4541.595,4462.278,4474.199,220127,280,0
2026-06-03,4474.127,4496.745,4423.591,4457.39,252514,280,0
2026-06-04,4457.449,4515.455,4442.914,4461.516,253866,280,0
2026-06-05,4461.474,4475.911,4311.591,4328.774,346677,260,0
2026-06-07,4325.114,4347.047,4310.191,4343.828,24457,260,0
2026-06-08,4343.881,4353.304,4268.309,4317.619,371580,260,0
2026-06-09,4317.567,4363.463,4210.253,4222.118,381723,260,0
2026-06-10,4222.169,4228.412,4023.773,4047.261,536123,260,0
2026-06-11,4047.319,4246.339,4036.098,4219.785,618928,260,0
2026-06-12,4219.997,4235.655,4170.007,4218.665,386506,260,0
2026-06-14,4270.346,4308.995,4269.222,4293.94,19993,280,0
2026-06-15,4293.886,4369.303,4285.447,4315.715,245071,260,0
2026-06-16,4315.658,4354.979,4306.624,4331.111,213648,260,0
2026-06-17,4331.252,4382.441,4218.832,4277.846,416521,260,0
2026-06-18,4278.178,4329.89,4186.72,4188.559,327688,260,0
2026-06-19,4188.495,4198.235,4121.603,4155.421,206913,260,0
2026-06-21,4153.418,4164.776,4136.447,4140.09,17273,260,0
2026-06-22,4140.335,4221.317,4139.902,4187.682,295097,260,0
2026-06-23,4187.625,4198.671,4080.831,4099.321,353008,260,0
2026-06-24,4099.259,4111.984,3958.811,4012.325,760952,160,0
2026-06-25,4012.27,4044.334,3962.365,4014.651,477565,240,0
2026-06-26,4014.59,4096.054,3982.879,4088.245,325911,240,0
2026-06-28,4075.881,4085.307,4051.708,4062.831,18219,240,0
2026-06-29,4062.635,4075.659,4000.148,4015.028,306615,240,0
2026-06-30,4014.97,4063.437,3942.099,4005.593,340802,240,0
2026-07-01,4005.653,4115.736,3959.987,4035.169,331411,240,0
2026-07-02,4034.972,4144.132,4030.584,4126.116,355878,160,0
2026-07-03,4126.208,4195.506,4122.97,4174.913,176937,240,0
2026-07-05,4177.917,4202.19,4173.191,4182.987,18353,240,0
2026-07-06,4183.254,4203.185,4128.412,4157.372,259495,240,0
2026-07-07,4157.318,4180.45,4092.023,4098.576,284746,240,0
2026-07-08,4098.471,4134.08,4021.714,4076.276,444325,240,0
2026-07-09,4076.084,4138.194,4054.046,4123.547,259102,240,0
2026-07-10,4123.495,4134.804,4072.793,4119.908,220371,240,0
2026-07-12,4098.561,4099.253,4068.4,4084.311,18514,240,0
2026-07-13,4084.359,4091.138,3986.457,4000.913,344640,240,0
2026-07-14,4000.977,4103.029,3983.307,4053.123,330333,160,0
2026-07-15,4052.928,4081.502,4017.191,4057.9,271980,240,0
2026-07-16,4057.945,4061.336,3969.291,3985.782,300278,240,0
2026-07-17,3985.83,4023.877,3959.36,4017.5,309605,240,0
2026-07-19,4000.132,4002.918,3989.154,3995.625,14084,240,0
2026-07-20,3995.494,4040.765,3982.626,4009.702,279058,240,0
2026-07-21,4009.812,4087.492,4003.815,4080.667,233904,240,0
2026-07-22,4080.459,4166.081,4076.583,4133.267,254948,240,0
2026-07-23,4133.319,4141.157,4039.957,4046.905,287567,240,0
2026-07-24,4046.993,4082.12,4021.844,4052.772,210462,240,0
